{
  "domains": {
    "max_dom": 17,
    "e_we": [2411, 601, 601, 601, 601,
                   601, 601, 601, 601,
                   601, 601, 601, 601,
                   601, 601, 601, 601],
    "e_sn": [2411, 601, 601, 601, 601,
                   601, 601, 601, 601,
                   601, 601, 601, 601,
                   601, 601, 601, 601],
    "dx":   [ 200, 200, 200, 200, 200,
                   200, 200, 200, 200,
                   200, 200, 200, 200,
                   200, 200, 200, 200],
    "dy":   [ 200, 200, 200, 200, 200,
                   200, 200, 200, 200,
                   200, 200, 200, 200,
                   200, 200, 200, 200],
    "parent_id": [0, 1, 1, 1, 1,
                     1, 1, 1, 1,
                     1, 1, 1, 1,
                     1, 1, 1, 1],
    "i_parent_start": [1,    5,  606, 1206, 1806,
                             5,  606, 1206, 1806,
                             5,  606, 1206, 1806,
                             5,  606, 1206, 1806],
    "j_parent_start": [1,    5,    5,    5,    5,
                           606,  606,  606,  606,
                          1206, 1206, 1206, 1206,
                          1806, 1806, 1806, 1806]
  },
  "geogrid": {
    "map_proj": "lambert",
    "ref_lat": 36.14387130737305,
    "ref_lon": 105.58370971679688,
    "truelat1": 30.0,
    "truelat2": 60.0,
    "stand_lon": 105.58370971679688,
    "geog_data_res": "srtm90m+gmted2010_30s"
  }
}
